Date,Open,High,Low,Close,Adj Close,Volume,log_returns,cumulative_returns,cumulative_returns_scaled,diff_log_returns,diff_log_returns_scaled,log_returns_scaled,obv
1964-01-03,0.0,76.04000091552734,75.08999633789062,75.5,75.5,5550000.0,0.014139191683962197,1.801609139834118,-0.5665727771944604,0.011987447163643992,0.39745523224284285,0.6033351085695704,458150000.0
1964-01-10,0.0,76.66999816894531,75.73999786376953,76.23999786376953,76.23999786376953,5260000.0,0.00975357507115532,1.8113627149052733,-0.5610581235049135,-0.004385616612806877,-0.14530998561107478,0.3958451065011737,463410000.0
1964-01-17,0.0,77.08999633789062,76.0199966430664,76.55999755859375,76.55999755859375,5600000.0,0.004188483929767688,1.815551198835041,-0.5586899622729145,-0.005565091141387632,-0.18440943322814435,0.13255242171304626,469010000.0
1964-01-24,0.0,77.55999755859375,76.58000183105469,77.11000061035156,77.11000061035156,5080000.0,0.00715826650430323,1.8227094653393443,-0.5546426913491012,0.002969782574535542,0.09852066800565618,0.27305722341724464,474090000.0
1964-01-31,0.0,77.37000274658203,76.38999938964844,77.04000091552734,77.04000091552734,4000000.0,-0.000908202386543089,1.8218012629528013,-0.5551561873344467,-0.008066468890846319,-0.26732982355072954,-0.10857933869326643,470090000.0
1964-02-07,0.0,77.51000213623047,76.66000366210938,77.18000030517578,77.18000030517578,4710000.0,0.0018155806898890782,1.8236168436426905,-0.5541296612989034,0.002723783076432167,0.09036581238406673,0.020286863270763174,474800000.0
1964-02-14,0.0,77.81999969482422,77.0199966430664,77.4800033569336,77.4800033569336,4360000.0,0.0038795218016961903,1.8274963654443868,-0.5519361866948402,0.002063941111807112,0.06849212566490906,0.11793496691651724,479160000.0
1964-02-21,0.0,77.98999786376953,77.16000366210938,77.62000274658203,77.62000274658203,4690000.0,0.0018052794604907587,1.8293016449048776,-0.5509154849557517,-0.0020742423412054315,-0.06868818915340291,0.01979949688699796,483850000.0
1964-02-28,0.0,78.05999755859375,77.19999694824219,77.80000305175781,77.80000305175781,4980000.0,0.002316309084285833,1.8316179539891635,-0.5496058479924227,0.0005110296237950743,0.017013284953924533,0.043977063477888025,488830000.0
1964-03-06,0.0,78.5999984741211,77.8499984741211,78.30999755859375,78.30999755859375,4790000.0,0.006533807176647044,1.8381517611658105,-0.5459116452420852,0.004217498092361211,0.1398822967208874,0.24351312993478103,493620000.0
1964-03-13,0.0,79.58999633789062,78.73999786376953,79.13999938964844,79.13999938964844,5660000.0,0.0105431506583054,1.8486949118241158,-0.5399505669448341,0.004009343481658355,0.1329819948489843,0.43320109419342023,499280000.0
1964-03-20,0.0,79.3499984741211,78.91999816894531,78.91999816894531,78.91999816894531,5020000.0,-0.002783770291964662,1.8459111415321512,-0.5415245056287977,-0.013326920950270061,-0.44171321611711006,-0.19731522760770348,494260000.0
1964-03-27,0.0,79.58000183105469,78.66999816894531,79.19000244140625,79.19000244140625,5760000.0,0.003415401099038052,1.8493265426311893,-0.5395934440298774,0.006199171391002714,0.20557454310420892,0.0959767306964823,500020000.0
1964-04-03,0.0,80.37000274658203,79.44999694824219,79.94000244140625,79.94000244140625,5990000.0,0.009426324771610792,1.8587528674028002,-0.5342638170673123,0.00601092367257274,0.19933415246631844,0.38036241128994785,506010000.0
1964-04-10,0.0,80.26000213623047,79.43000030517578,79.8499984741211,79.8499984741211,4990000.0,-0.0011265282719555003,1.8576263391308447,-0.5349007541130619,-0.010552853043566292,-0.3497531778322039,-0.1189086589269411,501020000.0
1964-04-17,0.0,80.9800033569336,79.98999786376953,80.55000305175781,80.55000305175781,6030000.0,0.008728291957780639,1.8663546310886254,-0.5299657936398744,0.009854820229736138,0.3267588898729764,0.34733744746559514,507050000.0
1964-04-24,0.0,80.62000274658203,79.44999694824219,79.75,79.75,5610000.0,-0.009981405844531615,1.8563732252440939,-0.5356092624362746,-0.018709697802312256,-0.6201516617646361,-0.5378460007100644,501440000.0
1964-05-01,0.0,80.47000122070312,79.45999908447266,80.16999816894531,80.16999816894531,5990000.0,0.005252615550256597,1.8616258407943505,-0.5326394431123164,0.015234021394788213,0.5050788018999982,0.1828980610221276,507430000.0
1964-05-08,81.0,81.0,81.0,81.0,81.0,4910000.0,0.010299797457228045,1.8719256382515785,-0.5268159562744422,0.005047181906971448,0.1673862216145587,0.4216876946756784,512340000.0
1964-05-15,0.0,81.44999694824219,80.48999786376953,81.0999984741211,81.0999984741211,5070000.0,0.0012337876341451432,1.8731594258857236,-0.526118374979469,-0.009066009823082902,-0.3004644927394973,-0.007238625844535318,517410000.0
1964-05-22,0.0,81.1500015258789,80.36000061035156,80.7300033569336,80.7300033569336,4640000.0,-0.00457264731742868,1.8685867785682948,-0.5287037414954483,-0.005806434951573822,-0.19240995332028543,-0.2819496428983,512770000.0
1964-05-29,0.0,80.75,79.87999725341797,80.37000274658203,80.37000274658203,4560000.0,-0.00446928859030919,1.8641174899779855,-0.5312306691742118,0.00010335872711949006,0.0034990407008071607,-0.2770595887970857,508210000.0
1964-06-05,0.0,79.44999694824219,78.5,79.0199966430664,79.0199966430664,4240000.0,-0.016940063897677715,1.8471774260803078,-0.5408085506374675,-0.012470775307368526,-0.4133320845995938,-0.8670703952055188,503970000.0
1964-06-12,0.0,80.05000305175781,79.19000244140625,79.5999984741211,79.5999984741211,3840000.0,0.007313131179835767,1.8544905572601436,-0.5366737195064403,0.024253195077513483,0.804063392420407,0.28038410004224035,507810000.0
1964-06-19,0.0,81.2300033569336,80.38999938964844,80.88999938964844,80.88999938964844,4050000.0,0.01607612580340566,1.8705666830635492,-0.5275843070778063,0.008762994623569893,0.29056499415007314,0.6949743237431131,511860000.0
1964-06-26,0.0,81.77999877929688,80.86000061035156,81.45999908447266,81.45999908447266,4440000.0,0.007021891496876172,1.8775885745604255,-0.5236141423363296,-0.00905423430652949,-0.3000741356936372,0.266605120310355,516300000.0
1964-07-03,0.0,82.9800033569336,82.08999633789062,82.5999984741211,82.5999984741211,5230000.0,0.013897571072535997,1.8914861456329615,-0.5157564808089626,0.006875679575659825,0.22800071313803558,0.5919036804282714,521530000.0
1964-07-10,0.0,83.98999786376953,82.87000274658203,83.36000061035156,83.36000061035156,5420000.0,0.00915892327311054,1.900645068906072,-0.5105780421696059,-0.004738647799425457,-0.1570129296373391,0.3677112512877517,526950000.0
1964-07-17,0.0,84.33000183105469,83.37000274658203,84.01000213623047,84.01000213623047,4640000.0,0.007767279478110905,1.908412348384183,-0.5061864364128222,-0.0013916437949996353,-0.04606012432102697,0.3018705270758514,531590000.0
1964-07-24,0.0,83.91999816894531,83.06999969482422,83.45999908447266,83.45999908447266,4210000.0,-0.006568400611291121,1.901843947772892,-0.5099001982284873,-0.014335680089402027,-0.4751534678249536,-0.3763716801238696,527380000.0
1964-07-31,0.0,83.56999969482422,82.72000122070312,83.18000030517578,83.18000030517578,4220000.0,-0.003360526210126524,1.8984834215627653,-0.5118002336645502,0.0032078744011645975,0.10641338520959347,-0.22460240230120068,523160000.0
1964-08-07,0.0,82.19999694824219,81.19000244140625,81.86000061035156,81.86000061035156,3190000.0,-0.01599645946332715,1.8824869620994382,-0.5208446028887137,-0.012635933253200626,-0.41880705187962086,-0.8224270751616723,519970000.0
1964-08-14,0.0,82.83000183105469,82.02999877929688,82.3499984741211,82.3499984741211,4080000.0,0.005967959574159286,1.8884549216735975,-0.5174703293485392,0.021964419037486436,0.7281907247910998,0.21674204377377732,524050000.0
1964-08-21,0.0,82.43000030517578,81.63999938964844,82.06999969482422,82.06999969482422,3620000.0,-0.003405900171319149,1.8850490215022784,-0.5193960191401255,-0.009373859745478434,-0.3106696829517071,-0.22674911144905838,520430000.0
1964-08-28,0.0,82.29000091552734,81.54000091552734,81.98999786376953,81.98999786376953,3760000.0,-0.0009752753698212696,1.884073746132457,-0.5199474380688027,0.0024306248014978795,0.08064764862846947,-0.11175266063811742,516670000.0
1964-09-04,0.0,83.02999877929688,82.30999755859375,82.76000213623047,82.76000213623047,4210000.0,0.009347616136379078,1.893421362268836,-0.5146623128261213,0.010322891506200348,0.34227539990493866,0.3766385894585232,520880000.0
1964-09-11,0.0,83.83999633789062,82.79000091552734,83.44999694824219,83.44999694824219,5630000.0,0.0083027348482509,1.901724097117087,-0.5099679615723287,-0.0010448812881281785,-0.034564986321481805,0.32720371181740915,526510000.0
1964-09-18,0.0,84.29000091552734,83.02999877929688,83.4800033569336,83.4800033569336,6160000.0,0.00035950888348095406,1.902083606000568,-0.5097646959003829,-0.007943225964769944,-0.2632443344489887,-0.04860204535866514,532670000.0
1964-09-25,0.0,84.62000274658203,83.55999755859375,84.20999908447266,84.20999908447266,6170000.0,0.008706545748517236,1.910790151749085,-0.5048420306945485,0.00834703686503628,0.2767760413608437,0.34630860217349485,538840000.0
1964-10-02,0.0,84.63999938964844,83.70999908447266,84.36000061035156,84.36000061035156,4370000.0,0.0017796946757108443,1.912569846424796,-0.5038357945464614,-0.0069268510728063915,-0.22955162139358096,0.018589042915394108,543210000.0
1964-10-09,0.0,85.5999984741211,84.72000122070312,85.22000122070312,85.22000122070312,5290000.0,0.010142799550248459,1.9227126459750445,-0.4981010740409998,0.008363104874537614,0.2773086940638774,0.4142598917188943,548500000.0
1964-10-16,0.0,85.0999984741211,84.0999984741211,84.83000183105469,84.83000183105469,5140000.0,-0.004586886991271923,1.9181257589837726,-0.5006944916427938,-0.014729686541520383,-0.48821473728189235,-0.2826233429081367,543360000.0
1964-10-23,0.0,85.41999816894531,84.56999969482422,85.13999938964844,85.13999938964844,3830000.0,0.003647677826574086,1.9217734368103467,-0.4986321012025864,0.00823456481784601,0.27304760567958136,0.10696608588456527,547190000.0
1964-10-30,0.0,85.22000122070312,84.41000366210938,84.86000061035156,84.86000061035156,4120000.0,-0.003294106264575261,1.9184793305457715,-0.5004945829216663,-0.006941784091149347,-0.23004664926770357,-0.22145997653612817,543070000.0
1964-11-06,0.0,85.55000305175781,84.6500015258789,85.2300033569336,85.2300033569336,4810000.0,0.004350676954334184,1.9228300075001057,-0.4980347180471752,0.007644783218909445,0.25349641218252494,0.14022601335908919,547880000.0
1964-11-13,0.0,85.68000030517578,84.76000213623047,85.20999908447266,85.20999908447266,4860000.0,-0.00023473682546638588,1.9225952706746392,-0.4981674378233791,-0.00458541377980057,-0.15193323916645998,-0.07671668789685662,543020000.0
1964-11-20,0.0,86.80000305175781,85.7300033569336,86.27999877929688,86.27999877929688,5210000.0,0.012479020277297331,1.9350742909519365,-0.4911118223478139,0.012713757102763717,0.4215323248211285,0.5247899462777121,548230000.0
1964-11-27,0.0,85.68000030517578,84.55000305175781,85.16000366210938,85.16000366210938,4070000.0,-0.013065924344825681,1.9220083666071108,-0.49849927232076013,-0.025544944622123013,-0.8467393230535285,-0.6837791285938553,544160000.0
1964-12-04,84.3499984741211,84.3499984741211,84.3499984741211,84.3499984741211,84.3499984741211,4340000.0,-0.009557092125844767,1.912451274481266,-0.5039028349086973,0.003508832218980915,0.11639010293220176,-0.5177710917198698,539820000.0
1964-12-11,0.0,84.05000305175781,83.08999633789062,83.66000366210938,83.66000366210938,4530000.0,-0.008213781114355497,1.9042374933669106,-0.5085468918823671,0.0013433110114892694,0.04460331910240944,-0.45421706291158775,535290000.0
1964-12-18,0.0,84.6500015258789,83.7300033569336,84.29000091552734,84.29000091552734,4630000.0,0.007502235083256454,1.9117397284501672,-0.5043051417466572,0.01571601619761195,0.5210568752606696,0.28933088512995636,539920000.0
1964-12-25,0.0,84.58999633789062,83.73999786376953,84.1500015258789,84.1500015258789,3600000.0,-0.0016623061013674421,1.9100774223487997,-0.5052450066073043,-0.009164541184623896,-0.30373079626353044,-0.14425709969311534,536320000.0
1984-01-06,168.80999755859375,169.30999755859375,168.49000549316406,169.27999877929688,169.27999877929688,137590000.0,0.026033044406770994,2.609030625037929,-0.11005813103494576,0.015610938874734193,0.5175735738564887,1.1660508550509596,4490560000.0
1984-01-13,167.75,168.58999633789062,166.63999938964844,167.02000427246094,167.02000427246094,101790000.0,-0.013440550153168706,2.5955900748847602,-0.11765739376179071,-0.0394735945599397,-1.3084724978050644,-0.7015032291276271,4388770000.0
1984-01-20,167.0399932861328,167.05999755859375,165.8699951171875,166.2100067138672,166.2100067138672,93360000.0,-0.004861501828717676,2.5907285730560425,-0.12040607809557542,0.00857904832445103,0.2844671950772894,-0.29561577663415806,4295410000.0
1984-01-27,164.24000549316406,164.3300018310547,163.07000732421875,163.94000244140625,163.94000244140625,103720000.0,-0.013751567359943984,2.5769770056960986,-0.12818118938813522,-0.008890065531226309,-0.29463195930509833,-0.7162179127341831,4191690000.0
1984-02-03,163.44000244140625,163.97999572753906,160.82000732421875,160.91000366210938,160.91000366210938,109100000.0,-0.018655296887154435,2.5583217088089443,-0.1387288604787679,-0.004903729527210451,-0.1624853702976995,-0.9482206023383143,4082590000.0
1984-02-10,155.4199981689453,156.52000427246094,155.4199981689453,156.3000030517578,156.3000030517578,92220000.0,-0.029067968277369058,2.5292537405315754,-0.1551638371246636,-0.010412671390214623,-0.34510617183141046,-1.4408594714049816,3990370000.0
1984-02-17,156.1300048828125,156.8000030517578,155.50999450683594,155.74000549316406,155.74000549316406,76600000.0,-0.003589271532217573,2.525664468999358,-0.15719320475176737,0.025478696745151484,0.8446886345068985,-0.23542468147973364,3913770000.0
1984-02-24,154.30999755859375,157.50999450683594,154.2899932861328,157.50999450683594,157.50999450683594,102620000.0,0.011300928018410466,2.5369653970177684,-0.15080368050682297,0.01489019955062804,0.49368114653772344,0.4690526607796188,4016390000.0
1984-03-02,158.19000244140625,159.89999389648438,158.19000244140625,159.24000549316406,159.24000549316406,108270000.0,0.010923619189622242,2.5478890162073906,-0.14462748599068012,-0.0003773088287882236,-0.012435034574267133,0.4512016225841968,4124660000.0
1984-03-09,155.1199951171875,155.19000244140625,153.77000427246094,154.35000610351562,154.35000610351562,73170000.0,-0.031189742136733273,2.5166992740706573,-0.16226210973587707,-0.042113361326355514,-1.3959804684341135,-1.541243727790399,4051490000.0
1984-03-16,157.41000366210938,160.4499969482422,157.41000366210938,159.27000427246094,159.27000427246094,118000000.0,0.03137811159744599,2.5480773856681034,-0.14452098223857493,0.06256785373417927,2.0741900062734646,1.418933881627025,4169490000.0
1984-03-23,156.69000244140625,156.9199981689453,156.02000427246094,156.86000061035156,156.86000061035156,79760000.0,-0.015247210413380858,2.5328301752547224,-0.15314172740617135,-0.04662532201082685,-1.5455514563256811,-0.7869789955303792,4089730000.0
1984-03-30,159.52000427246094,159.52000427246094,158.9199981689453,159.17999267578125,159.17999267578125,71590000.0,0.014681899689942894,2.5475120749446654,-0.14484060789829506,0.029929110103323754,0.9922193354721373,0.6290114262291299,4161320000.0
1984-04-06,155.0399932861328,155.47999572753906,154.1199951171875,155.47999572753906,155.47999572753906,86620000.0,-0.023518512860667883,2.5239935620839975,-0.15813793249707714,-0.038200412550610775,-1.2662666577682709,-1.1783065358548654,4074700000.0
1984-04-13,157.72999572753906,158.8699951171875,157.1300048828125,157.30999755859375,157.30999755859375,99620000.0,0.01170128680984428,2.535694848893842,-0.15152204611617576,0.03521979967051216,1.1676050980111343,0.48799422676605747,4174320000.0
1984-04-20,157.89999389648438,158.02000427246094,157.10000610351562,158.02000427246094,158.02000427246094,75860000.0,0.0045032690173574174,2.540198117911199,-0.14897590596546983,-0.007198017792486863,-0.23854076757242804,0.1474453693282941,4250180000.0
1984-04-27,160.3000030517578,160.69000244140625,159.77000427246094,159.88999938964844,159.88999938964844,88530000.0,0.011764440647950975,2.55196255855915,-0.14232431251882252,0.007261171630593558,0.24077973128844407,0.49098212816197967,4338710000.0
1984-05-04,161.1999969482422,161.1999969482422,158.92999267578125,159.11000061035156,159.11000061035156,98580000.0,-0.004890284224206996,2.547072274334943,-0.14508927036691563,-0.01665472487215797,-0.5520295408624193,-0.296977514293162,4240130000.0
1984-05-11,160.0,160.0,157.4199981689453,158.49000549316406,158.49000549316406,82780000.0,-0.0039042562520935453,2.5431680180828495,-0.14729672978445973,0.0009860279721134505,0.0327594266367098,-0.250327073993417,4157350000.0
1984-05-18,156.57000732421875,156.77000427246094,155.24000549316406,155.77999877929688,155.77999877929688,81270000.0,-0.017246786847975204,2.525921231234874,-0.1570480318485912,-0.013342530595881658,-0.44223067410888717,-0.8815819111929865,4076080000.0
1984-05-25,151.22999572753906,152.02000427246094,150.85000610351562,151.6199951171875,151.6199951171875,78190000.0,-0.027067389231851362,2.498853842003023,-0.1723518847235508,-0.009820602383876158,-0.32547915103692426,-1.3462091207381488,3997890000.0
1984-06-01,150.5500030517578,153.24000549316406,150.5500030517578,153.24000549316406,153.24000549316406,96040000.0,0.010627997255370154,2.509481839258393,-0.16634283431390642,0.03769538648722152,1.249670521821436,0.43721531206851966,4093930000.0
1984-06-08,154.9199981689453,155.39999389648438,154.57000732421875,155.1699981689453,155.1699981689453,67840000.0,0.012515922615828446,2.5219977618742213,-0.15926635432293562,0.001887925360458292,0.06265722335640098,0.5265358504399205,4161770000.0
1984-06-15,150.49000549316406,150.7100067138672,149.02000427246094,149.02999877929688,149.02999877929688,85460000.0,-0.04037365852536664,2.481624103348855,-0.18209354776976383,-0.05288958114119509,-1.7532109400979186,-1.9757483821436483,4076310000.0
1984-06-22,154.50999450683594,154.9199981689453,153.88999938964844,154.4600067138672,154.4600067138672,98400000.0,0.035787586838109245,2.517411690186964,-0.16185931095331552,0.07616124536347588,2.5248094059035138,1.6275526706324315,4174710000.0
1984-06-29,152.83999633789062,154.0800018310547,152.82000732421875,153.17999267578125,153.17999267578125,90770000.0,-0.00832155394083361,2.5090901362461304,-0.16656430248798848,-0.04410914077894285,-1.462140332230036,-0.45931595457566066,4083940000.0
1984-07-06,152.75999450683594,152.75999450683594,151.6300048828125,152.24000549316406,152.24000549316406,65850000.0,-0.0061553935968291255,2.5029347426493014,-0.17004455088529194,0.002166160344004484,0.07188068168533233,-0.356831708017157,4018090000.0
1984-07-13,150.02999877929688,151.16000366210938,150.02999877929688,150.8800048828125,150.8800048828125,75480000.0,-0.008973407822786885,2.4939613348265146,-0.17511809942485115,-0.002818014225957759,-0.09334414326028438,-0.4901561248996719,3942610000.0
1984-07-20,150.3699951171875,150.5800018310547,149.07000732421875,149.5500030517578,149.5500030517578,79090000.0,-0.008854045765144062,2.4851072890613706,-0.18012416087308544,0.0001193620576428224,0.004029549303013777,-0.4845089295851352,3863520000.0
1984-07-27,150.0800018310547,151.3800048828125,149.99000549316406,151.19000244140625,151.19000244140625,101350000.0,0.01090653465781666,2.496013823719187,-0.17395762592029956,0.019760580422960722,0.6551337232390534,0.45039332814064553,3964870000.0
1984-08-03,160.27999877929688,162.55999755859375,158.0,162.35000610351562,162.35000610351562,236500000.0,0.07121719600360894,2.567231019722796,-0.13369155221549395,0.060310661345792285,1.999364333134443,3.303779830472347,4201370000.0
1984-08-10,165.5399932861328,168.58999633789062,165.24000549316406,165.4199981689453,165.4199981689453,171000000.0,0.01873314705098181,2.5859641667737776,-0.12309986478315572,-0.052484048952627135,-1.7397675937773942,0.820681924937761,4372370000.0
1984-08-17,164.3000030517578,164.61000061035156,163.77999877929688,164.13999938964844,164.13999938964844,71500000.0,-0.007767964711551149,2.5781962020622267,-0.12749185796968598,-0.02650111176253296,-0.8784361559343603,-0.43312483016377445,4300870000.0
1984-08-24,167.1199951171875,167.52000427246094,167.1199951171875,167.50999450683594,167.50999450683594,69640000.0,0.02032329969945917,2.598519501761686,-0.11600110110835413,0.02809126441101032,0.931294958019635,0.8959143963211785,4370510000.0
1984-08-31,166.60000610351562,166.67999267578125,165.77999877929688,166.67999267578125,166.67999267578125,57460000.0,-0.004967255570088563,2.5935522461915976,-0.11880957841607695,-0.025290555269547734,-0.8383063447022913,-0.3006191423984404,4313050000.0
1984-09-07,165.64999389648438,166.30999755859375,164.22000122070312,164.3699951171875,164.3699951171875,84110000.0,-0.01395580810024775,2.57959643809135,-0.1267001670534929,-0.008988552530159188,-0.29789679221367504,-0.7258808439407841,4228940000.0
1984-09-14,167.94000244140625,169.64999389648438,167.94000244140625,168.77999877929688,168.77999877929688,137400000.0,0.02647612998510316,2.606072568076453,-0.11173061108636158,0.04043193808535091,1.3403868987076897,1.1870138884579717,4366340000.0
1984-09-21,167.47000122070312,168.6699981689453,165.66000366210938,165.6699981689453,165.6699981689453,120600000.0,-0.018598237599285552,2.5874743304771677,-0.12224602095892055,-0.04507436758438871,-1.49413749198518,-0.9455210431193523,4245740000.0
1984-09-28,166.9600067138672,166.9600067138672,165.77000427246094,166.10000610351562,166.10000610351562,78950000.0,0.0025922064672544683,2.590066536944422,-0.12078039211468401,0.02119044406654002,0.7025335417827849,0.057030176327665584,4324690000.0
1984-10-05,162.9199981689453,163.32000732421875,162.50999450683594,162.67999267578125,162.67999267578125,82950000.0,-0.020805017348500605,2.5692615195959214,-0.13254351126279024,-0.023397223815755073,-0.7755426205136956,-1.0499270537569472,4241740000.0
1984-10-12,162.77999877929688,164.47000122070312,162.77999877929688,164.17999267578125,164.17999267578125,92190000.0,0.009178306292433628,2.578439825888355,-0.12735411349939496,0.029983323640934235,0.9940165081304461,0.3686282905719642,4333930000.0
1984-10-19,168.0800018310547,169.6199951171875,167.30999755859375,167.9600067138672,167.9600067138672,186900000.0,0.022762553479792298,2.6012023793681474,-0.11448420696614062,0.01358424718735867,0.450388972963207,1.0113190968708552,4520830000.0
1984-10-26,166.30999755859375,166.30999755859375,164.92999267578125,165.2899932861328,165.2899932861328,83900000.0,-0.01602442947845686,2.5851779498896903,-0.12354439038622803,-0.03878698295824916,-1.2857114006359078,-0.8237503779055031,4436930000.0
1984-11-02,167.49000549316406,167.9499969482422,167.24000549316406,167.4199981689453,167.4199981689453,96810000.0,0.012804147984469542,2.59798209787416,-0.11630494829356594,0.028828577462926403,0.9557368025463359,0.5401722185074954,4533740000.0
1984-11-09,168.67999267578125,169.4600067138672,167.44000244140625,167.60000610351562,167.60000610351562,83620000.0,0.0010746101701227672,2.599056708044283,-0.11569736564861163,-0.011729537814346776,-0.3887601452927861,-0.014769546865492181,4617360000.0
1984-11-16,165.88999938964844,166.24000549316406,164.08999633789062,164.10000610351562,164.10000610351562,83140000.0,-0.02110418917521571,2.577952518869067,-0.12762963600598903,-0.022178799345338476,-0.735151986717022,-1.0640813149303134,4534220000.0
1984-11-23,164.52000427246094,166.9199981689453,164.52000427246094,166.9199981689453,166.9199981689453,73910000.0,0.017038609463773554,2.5949911283328406,-0.11799603705804759,0.03814279863898926,1.2645021841993704,0.7405108478654797,4608130000.0
1984-11-30,163.91000366210938,163.91000366210938,162.99000549316406,163.5800018310547,163.5800018310547,77580000.0,-0.020212466253235348,2.574778662079605,-0.1294241288895125,-0.037251075717008905,-1.2347962487878963,-1.0218925858959889,4530550000.0
1984-12-07,162.75999450683594,163.30999755859375,162.25999450683594,162.25999450683594,162.25999450683594,81000000.0,-0.008102225387630257,2.5666764366919748,-0.13400511245722752,0.01211024086560509,0.40152582961581973,-0.4489391966472708,4449550000.0
1984-12-14,161.80999755859375,163.52999877929688,161.6300048828125,162.69000244140625,162.69000244140625,95060000.0,0.0026466114147392352,2.569323048106714,-0.13250872315416554,0.010748836802369491,0.35639543844052485,0.05960415478104445,4544610000.0
1984-12-21,166.33999633789062,166.3800048828125,164.6199951171875,165.50999450683594,165.50999450683594,101200000.0,0.01718501823555905,2.586508066342273,-0.1227923449516823,0.014538406820819815,0.4820192572150658,0.7474376631898958,4645810000.0
1984-12-28,165.75,166.32000732421875,165.6699981689453,166.25999450683594,166.25999450683594,77070000.0,0.004521212300210163,2.591029278642483,-0.12023605970133185,-0.012663805935348889,-0.419731028149727,0.14829429255276338,4722880000.0
2004-01-02,1111.9200439453125,1118.8499755859375,1105.0799560546875,1108.47998046875,1108.47998046875,1153200000.0,0.011422857999850555,4.488221452453248,0.952432961120179,0.0048036396665340686,0.15931282380750034,0.47482134836332707,55093010000.0
2004-01-09,1131.9200439453125,1131.9200439453125,1120.9000244140625,1121.8599853515625,1121.8599853515625,1720700000.0,0.01199831918233071,4.500219771635579,0.9592167890668033,0.0005754611824801553,0.01914918385860443,0.5020472671986421,56813710000.0
2004-01-16,1132.050048828125,1139.8299560546875,1132.050048828125,1139.8299560546875,1139.8299560546875,1721100000.0,0.01589108085089965,4.516110852486479,0.9682015774142544,0.0038927616685689413,0.12911732089160988,0.6862195736206109,58534810000.0
2004-01-23,1143.93994140625,1150.31005859375,1136.8499755859375,1141.550048828125,1141.550048828125,1561200000.0,0.0015079408916507634,4.51761879337813,0.9690541644647559,-0.014383139959248888,-0.47672675715848684,0.005731969852495293,60096010000.0
2004-01-30,1134.1099853515625,1134.1700439453125,1127.72998046875,1131.1300048828125,1131.1300048828125,1635000000.0,-0.009169893442767345,4.508448899935362,0.963869523311333,-0.010677834334418108,-0.35389629353022106,-0.49945214990493636,58461010000.0
2004-02-06,1128.5899658203125,1142.7900390625,1128.3900146484375,1142.760009765625,1142.760009765625,1477600000.0,0.010229260183377076,4.518678160118739,0.9696531285022565,0.019399153626144423,0.6431524656814795,0.41835047202504877,59938610000.0
2004-02-13,1152.1099853515625,1156.8800048828125,1143.239990234375,1145.81005859375,1145.81005859375,1329200000.0,0.0026654640608123298,4.5213436241795515,0.9711601770572816,-0.007563796122564746,-0.2506662779669157,0.06049610132312888,61267810000.0
2004-02-20,1147.06005859375,1149.81005859375,1139.0,1144.1099853515625,1144.1099853515625,1479600000.0,-0.0014848322403503908,4.5198587919392015,0.9703206555963949,-0.004150296301162721,-0.13750914381635246,-0.13586054909587875,59788210000.0
2004-02-27,1145.800048828125,1151.6800537109375,1141.800048828125,1144.93994140625,1144.93994140625,1540400000.0,0.0007251533322666767,4.5205839452714685,0.9707306559778037,0.0022099855726170677,0.0733334830718156,-0.031302866216261556,61328610000.0
2004-03-05,1154.8699951171875,1163.22998046875,1148.77001953125,1156.8599853515625,1156.8599853515625,1398200000.0,0.010357242924788977,4.530941188196257,0.9765866223790501,0.0096320895925223,0.3193753943659238,0.4244055246264842,62726810000.0
2004-03-12,1106.780029296875,1120.6300048828125,1106.780029296875,1120.5699462890625,1120.5699462890625,1388500000.0,-0.03187198914857666,4.49906919904768,0.9585662574083438,-0.04222923207336564,-1.399821570631144,-1.573521841997911,61338310000.0
2004-03-19,1122.3199462890625,1122.719970703125,1109.68994140625,1109.780029296875,1109.780029296875,1457400000.0,-0.009675612605408009,4.489393586442272,0.9530956835558045,0.022196376543168653,0.7358800899473962,-0.5233784707319593,59880910000.0
2004-03-26,1109.18994140625,1115.27001953125,1106.1300048828125,1108.06005859375,1108.06005859375,1319100000.0,-0.00155103251792357,4.487842553924349,0.9522187325778119,0.00812458008748444,0.2694016242707041,-0.13899258204433027,58561810000.0
2004-04-02,1132.1700439453125,1144.81005859375,1132.1700439453125,1141.81005859375,1141.81005859375,1629200000.0,0.03000398256438676,4.517846536488736,0.9691829300072373,0.03155501508231033,1.0461179021776967,1.3539218066820555,60191010000.0
2004-04-09,1140.530029296875,1148.969970703125,1134.52001953125,1139.3199462890625,1139.3199462890625,1199800000.0,-0.002183227863775675,4.51566330862496,0.9679485369250846,-0.03218721042816244,-1.0669296854977222,-0.1689026779782587,58991210000.0
2004-04-16,1128.8399658203125,1136.800048828125,1126.9000244140625,1134.6099853515625,1134.6099853515625,1487800000.0,-0.004142579423916144,4.511520729201044,0.9656063300175991,-0.001959351560140469,-0.06487957271694704,-0.2616024953948261,57503410000.0
2004-04-23,1139.9300537109375,1141.9200439453125,1134.81005859375,1140.5999755859375,1140.5999755859375,1396100000.0,0.005265451695951937,4.516786180896997,0.968583406875098,0.009408031119868081,0.3119478812637581,0.18350535804145637,58899510000.0
2004-04-30,1113.8900146484375,1119.260009765625,1107.22998046875,1107.300048828125,1107.300048828125,1634700000.0,-0.029629754517234163,4.487156426379762,0.9518307973061142,-0.0348952062131861,-1.1566994403996642,-1.4674384084993035,57264810000.0
2004-05-07,1113.989990234375,1117.300048828125,1098.6300048828125,1098.699951171875,1098.699951171875,1653600000.0,-0.007797045535517604,4.479359380844245,0.9474223618743545,0.021832708981716558,0.7238245512948291,-0.4345006869149848,55611210000.0
2004-05-14,1096.43994140625,1102.0999755859375,1088.239990234375,1095.699951171875,1095.699951171875,1335900000.0,-0.0027342344171680383,4.476625146427077,0.9458764306843325,0.005062811118349566,0.1679043282092896,-0.1949716121776641,54275310000.0
2004-05-21,1089.18994140625,1099.6400146484375,1089.18994140625,1093.56005859375,1093.56005859375,1258600000.0,-0.0019549009711689724,4.474670245455908,0.9447711332139476,0.0007793334459990659,0.02590752640426567,-0.1581001953168949,53016710000.0
2004-05-28,1121.280029296875,1122.68994140625,1118.0999755859375,1120.6800537109375,1120.6800537109375,1172600000.0,0.02449720895995057,4.499167454415859,0.9586218108156525,0.026452109931119544,0.8769571718532029,1.0933882107361546,54189310000.0
2004-06-04,1116.6400146484375,1129.1700439453125,1116.6400146484375,1122.5,1122.5,1115300000.0,0.0016226487796880671,4.500790103195547,0.9595392534984086,-0.0228745601802625,-0.7582163799361401,0.011158969526068825,55304610000.0
2004-06-11,1131.3299560546875,1136.469970703125,1131.3299560546875,1136.469970703125,1136.469970703125,1160600000.0,0.012368600716568466,4.513158703912115,0.9665324379542165,0.0107459519368804,0.3562998054748781,0.5195658337054643,56465210000.0
2004-06-18,1132.050048828125,1138.9599609375,1129.8299560546875,1135.02001953125,1135.02001953125,1500600000.0,-0.0012766522195044587,4.511882051692611,0.9658106211002737,-0.013645252936072926,-0.4522658855492458,-0.12601124470621036,54964610000.0
2004-06-25,1140.6500244140625,1145.969970703125,1134.239990234375,1134.4300537109375,1134.4300537109375,1812900000.0,-0.0005199196409370752,4.511362132051674,0.9655166594764336,0.0007567325785673835,0.025158310197529336,-0.09020910827831194,53151710000.0
2004-07-02,1128.93994140625,1129.1500244140625,1123.260009765625,1125.3800048828125,1125.3800048828125,1085000000.0,-0.008009608751496495,4.503352523300177,0.9609880411871362,-0.00748968911055942,-0.24820963887573808,-0.44455736674293195,52066710000.0
2004-07-09,1109.1099853515625,1115.5699462890625,1109.1099853515625,1112.81005859375,1112.81005859375,1186300000.0,-0.011232360157555661,4.492120163142621,0.9546372850865991,-0.0032227514060591666,-0.10676113513979317,-0.5970304976491859,50880410000.0
2004-07-16,1106.68994140625,1112.1700439453125,1101.0699462890625,1101.3900146484375,1101.3900146484375,1450300000.0,-0.010315368829915664,4.481804794312706,0.9488049942227945,0.0009169913276399974,0.03047086965744543,-0.5536462830069144,49430110000.0
2004-07-23,1096.8399658203125,1096.8399658203125,1083.56005859375,1086.199951171875,1086.199951171875,1337500000.0,-0.013887710085987022,4.467917084226719,0.9409529080793723,-0.0035723412560713583,-0.1183499992456237,-0.7226590262655795,48092610000.0
2004-07-30,1100.4300537109375,1103.72998046875,1096.9599609375,1101.719970703125,1101.719970703125,1298200000.0,0.014187246704084406,4.482104330930803,0.9489743516844529,0.02807495679007143,0.9307543622244664,0.6056086625768763,49390810000.0
2004-08-06,1080.699951171875,1080.699951171875,1062.22998046875,1063.969970703125,1063.969970703125,1521000000.0,-0.03486540087173203,4.447238930059071,0.9292615171440756,-0.04905264757581644,-1.6260170250837318,-1.715144573637363,47869810000.0
2004-08-13,1063.22998046875,1067.5799560546875,1060.719970703125,1064.800048828125,1064.800048828125,1175100000.0,0.0007798664575832836,4.448018796516655,0.929702452227498,0.03564526732931531,1.1817093029218992,-0.028714307414299742,49044910000.0
2004-08-20,1091.22998046875,1100.260009765625,1089.5699462890625,1098.3499755859375,1098.3499755859375,1199900000.0,0.031021997494733312,4.479040794011388,0.9472422334557553,0.030242131037150028,1.0025959441301584,1.402085597239223,50244810000.0
2004-08-27,1105.0899658203125,1109.6800537109375,1104.6199951171875,1107.77001953125,1107.77001953125,845400000.0,0.008539971730718635,4.4875807657421065,0.9520707180134548,-0.022482025764014677,-0.745203908302313,0.33842773926435604,51090210000.0
2004-09-03,1118.31005859375,1120.800048828125,1113.5699462890625,1113.6300048828125,1113.6300048828125,924170000.0,0.0052759510940840445,4.49285671683619,0.9550537312116514,-0.003264020636634591,-0.10812920547957591,0.18400210008082804,52014380000.0
2004-09-10,1118.3800048828125,1125.260009765625,1114.3900146484375,1123.9200439453125,1123.9200439453125,1261200000.0,0.009197659386378388,4.502054376222569,0.9602540711793308,0.0039217082922943436,0.13007689820389337,0.36954391404231085,53275580000.0
2004-09-17,1123.5,1130.1400146484375,1123.5,1128.550048828125,1128.550048828125,1422600000.0,0.004111052500582086,4.506165428723151,0.962578452821433,-0.005086606885796302,-0.16854773411235474,0.12888902638684224,54698180000.0
2004-09-24,1108.3599853515625,1113.81005859375,1108.3599853515625,1110.1099853515625,1110.1099853515625,1255400000.0,-0.016474569844008764,4.489690858879142,0.9532637608534956,-0.02058562234459085,-0.6823383487994594,-0.8450471837199209,53442780000.0
2004-10-01,1114.5799560546875,1131.6400146484375,1114.5799560546875,1131.5,1131.5,1582200000.0,0.019085089773587534,4.50877594865273,0.9640544360641169,0.0355596596175963,1.1788714169321084,0.8373328551691388,55024980000.0
2004-10-08,1130.6500244140625,1132.9200439453125,1120.18994140625,1122.1400146484375,1122.1400146484375,1291600000.0,-0.008306596537355536,4.500469352115374,0.9593579014182949,-0.02739168631094307,-0.9079586017870537,-0.4586082977162944,53733380000.0
2004-10-15,1103.2900390625,1113.1700439453125,1102.1400146484375,1108.199951171875,1108.199951171875,1645100000.0,-0.012500556163739848,4.487968795951634,0.9522901095915187,-0.004193959626384311,-0.1389565781236816,-0.6570307245677619,52088280000.0
2004-10-22,1106.489990234375,1108.1400146484375,1095.469970703125,1095.739990234375,1095.739990234375,1469600000.0,-0.011307108196868351,4.476661687754765,0.9458970910848612,0.0011934479668714963,0.03963537607288263,-0.6005669378355688,50618680000.0
2004-10-29,1127.43994140625,1131.4000244140625,1124.6199951171875,1130.199951171875,1130.199951171875,1500800000.0,0.030964639817030116,4.507626327571796,0.9634044423859729,0.042271748013898464,1.4013763903698526,1.3993719207563036,52119480000.0
2004-11-05,1161.6700439453125,1170.8699951171875,1160.6600341796875,1166.1700439453125,1166.1700439453125,1724400000.0,0.031330347572422396,4.538956675144218,0.9811185641899877,0.0003657077553922798,0.012195881403831071,1.4166740950278043,53843880000.0
2004-11-12,1173.47998046875,1184.1700439453125,1171.4300537109375,1184.1700439453125,1184.1700439453125,1531600000.0,0.015317231763818627,4.554273906908036,0.9897788993023705,-0.01601311580860377,-0.5307602727576973,0.659069925400635,55375480000.0
2004-11-19,1183.550048828125,1184.0,1169.18994140625,1170.3399658203125,1170.3399658203125,1526600000.0,-0.011747868666925995,4.54252603824111,0.9831366756237966,-0.027065100430744622,-0.8971323166864683,-0.6214199669345707,53848880000.0
2004-11-26,1181.760009765625,1186.6199951171875,1181.0799560546875,1182.6500244140625,1182.6500244140625,504580000.0,0.010463428197161546,4.552989466438272,0.9890526789858288,0.022211296864087543,0.7363746969033429,0.4294293067600794,54353460000.0
2004-12-03,1190.3299560546875,1197.4599609375,1187.7099609375,1191.1700439453125,1191.1700439453125,1566700000.0,0.007178350398375505,4.560167816836648,0.9931113053069953,-0.0032850777987860407,-0.108827248030351,0.2740074221214425,55920160000.0
2004-12-10,1189.239990234375,1191.449951171875,1185.239990234375,1188.0,1188.0,1443700000.0,-0.0026648333349203446,4.5575029835017276,0.9916046133632478,-0.00984318373329585,-0.32622772022376406,-0.19168814443060386,54476460000.0
2004-12-17,1203.2099609375,1203.2099609375,1193.489990234375,1194.199951171875,1194.199951171875,2335000000.0,0.005205243302572725,4.5627082268043,0.9945476485041178,0.007870076637493069,0.2609648636029897,0.1806568099877331,56811460000.0
2004-12-24,1209.5699462890625,1213.6600341796875,1208.7099609375,1210.1300048828125,1210.1300048828125,956100000.0,0.01325133164605105,4.575959558450352,1.0020399274295573,0.008046088343478325,0.2667996318081518,0.5613291382882957,57767560000.0
2004-12-31,1213.550048828125,1217.3299560546875,1211.6500244140625,1211.9200439453125,1211.9200439453125,786900000.0,0.0014781192397556413,4.577437677690107,1.0028756533720595,-0.011773212406295409,-0.39020795309084616,0.004321063437344325,58554460000.0
2023-01-06,3823.3701171875,3906.18994140625,3809.56005859375,3895.080078125,3895.080078125,3923560000.0,0.014372088533438963,5.744946000883175,1.6629827459102702,0.015756744342163592,0.5224070086597803,0.6143538026429517,417152600000.0
2023-01-13,3960.60009765625,4003.949951171875,3947.669921875,3999.090087890625,3999.090087890625,3939700000.0,0.02635261889359589,5.771298619776771,1.67788246892984,0.011980530360156927,0.3972259409872313,1.1811703962207625,421092300000.0
2023-01-20,3909.0400390625,3972.9599609375,3897.860107421875,3972.610107421875,3972.610107421875,4013360000.0,-0.0066435207582014955,5.76465509901857,1.6741262343190926,-0.03299613965179739,-1.0937455980409883,-0.37992572527051915,417078940000.0
2023-01-27,4053.719970703125,4094.2099609375,4048.699951171875,4070.56005859375,4070.56005859375,3907760000.0,0.024357260064389378,5.789012359082959,1.6878977850685792,0.031000780822590873,1.0277450989671333,1.0867670217009195,420986700000.0
2023-02-03,4136.68994140625,4182.35986328125,4123.35986328125,4136.47998046875,4136.47998046875,4694510000.0,0.016064583387580864,5.80507694247054,1.6969806714361997,-0.008292676676808514,-0.27482858614668376,0.6944282349955541,425681210000.0
2023-02-10,4068.919921875,4094.360107421875,4060.7900390625,4090.4599609375,4090.4599609375,3891520000.0,-0.011187756290773909,5.793889186179767,1.6906551342812004,-0.027252339678354772,-0.9033392766304036,-0.5949202228057857,421789690000.0
2023-02-17,4077.389892578125,4081.510009765625,4047.949951171875,4079.090087890625,4079.090087890625,4045480000.0,-0.0027834777484262345,5.79110570843134,1.6890813610008237,0.008404278542347675,0.27867359650876466,-0.19730138694064286,417744210000.0
2023-02-24,3973.239990234375,3978.25,3943.080078125,3970.0400390625,3970.0400390625,3877700000.0,-0.027097765815651518,5.764007942615689,1.6737603332603705,-0.024314288067225284,-0.8059431970356765,-1.3476462818016854,413866510000.0
2023-03-03,3998.02001953125,4048.2900390625,3995.169921875,4045.639892578125,4045.639892578125,4084730000.0,0.018863551412790894,5.7828714940284796,1.6844257510828207,0.04596131722844241,1.5236851937716522,0.8268515479783344,417951240000.0
2023-03-10,3912.77001953125,3934.050048828125,3846.320068359375,3861.590087890625,3861.590087890625,5518190000.0,-0.04656069294636019,5.736310801082119,1.6581004195739817,-0.06542424435915109,-2.1687336122812746,-2.2684661224633094,412433050000.0
2023-03-17,3958.68994140625,3958.909912109375,3901.27001953125,3916.639892578125,3916.639892578125,9354280000.0,0.014155077440349485,5.750465878522469,1.6661036747355789,0.06071577038670968,2.0127936521580683,0.6040866871767909,421787330000.0
2023-03-24,3939.2099609375,3972.739990234375,3909.159912109375,3970.989990234375,3970.989990234375,4583970000.0,0.013781315468142546,5.764247193990612,1.6738956055546652,-0.00037376197220693845,-0.012317456678564638,0.5864034560070077,426371300000.0
2023-03-31,4056.179931640625,4110.75,4056.179931640625,4109.31005859375,4109.31005859375,4525120000.0,0.03423971403194545,5.798486908022557,1.6932546778884299,0.020458398563802903,0.678266315917363,1.554320521060883,430896420000.0
2023-04-07,4081.14990234375,4107.31982421875,4069.840087890625,4105.02001953125,4105.02001953125,3486690000.0,-0.0010445257036779457,5.797442382318879,1.6926641049463453,-0.0352842397356234,-1.1695958577984564,-0.11502899625605525,427409730000.0
2023-04-14,4140.10986328125,4163.18994140625,4113.2001953125,4137.64013671875,4137.64013671875,3575690000.0,0.00791499027381851,5.805357372592698,1.6971392261196396,0.008959515977496455,0.2970796548716854,0.3088589430758719,430985420000.0
2023-04-21,4132.14013671875,4138.02001953125,4113.85986328125,4133.52001953125,4133.52001953125,3611750000.0,-0.0009962610928691015,5.804361111499829,1.6965759419011393,-0.008911251366687611,-0.29533426736158497,-0.1127455262036769,427373670000.0
2023-04-28,4129.6298828125,4170.06005859375,4127.18017578125,4169.47998046875,4169.47998046875,4087800000.0,0.008661974172290664,5.8130230856721194,1.7014734064184573,0.009658235265159765,0.32024212046549605,0.34419985504397227,431461470000.0
2023-05-05,4084.72998046875,4147.02001953125,4084.72998046875,4136.25,4136.25,4186270000.0,-0.00800174285715857,5.805021342814961,1.6969492354915803,-0.016663717029449236,-0.5523276298626093,-0.4441852196592859,427275200000.0
2023-05-12,4138.5400390625,4143.740234375,4099.1201171875,4124.080078125,4124.080078125,3533740000.0,-0.002946596701408836,5.8020747461135525,1.6952832350504614,0.005055146155749734,0.1676502355634573,-0.20501878562818865,423741460000.0
2023-05-19,4204.14990234375,4212.91015625,4180.2001953125,4191.97998046875,4191.97998046875,4041900000.0,0.01633018780352291,5.818404933917075,1.7045162936740648,0.019276784504931747,0.6390959431124342,0.7069943723665815,427783360000.0
2023-05-26,4156.16015625,4212.8701171875,4156.16015625,4205.4501953125,4205.4501953125,3715460000.0,0.003208178243865355,5.821613112160941,1.7063301918457803,-0.013122009559657557,-0.4349204266254751,0.08617271122910727,431498820000.0
2023-06-02,4241.009765625,4290.669921875,4241.009765625,4282.3701171875,4282.3701171875,4454200000.0,0.018125272420412876,5.839738384581354,1.7165781880623547,0.014917094176547522,0.49457270035413764,0.7919224779797767,435953020000.0
2023-06-09,4304.8798828125,4322.6201171875,4291.7001953125,4298.85986328125,4298.85986328125,3786510000.0,0.0038432174473461986,5.8435816020287,1.7187511362501857,-0.014282054973066678,-0.47337580126556106,0.1162173542694896,439739530000.0
2023-06-16,4440.9501953125,4448.47021484375,4407.43994140625,4409.58984375,4409.58984375,6848600000.0,0.0254318397136285,5.869013441742329,1.733130252388174,0.021588622266282304,0.7157331042030229,1.1376069726880125,446588130000.0
2023-06-23,4354.169921875,4366.5498046875,4341.33984375,4348.330078125,4348.330078125,6053620000.0,-0.013989797871328776,5.855023643871,1.7252204459957163,-0.03942163758495728,-1.3067501299434108,-0.7274889502333661,440534510000.0
2023-06-30,4422.43994140625,4458.47998046875,4422.43994140625,4450.3798828125,4450.3798828125,3923450000.0,0.023197578149034483,5.878221222020034,1.738336314689489,0.03718737602036326,1.2328300321317194,1.0319007567581508,444457960000.0
2023-07-07,4404.5400390625,4440.39013671875,4397.39990234375,4398.9501953125,4398.9501953125,3630480000.0,-0.011623538976567269,5.866597683043467,1.731764386792785,-0.03482111712560175,-1.1542433955010207,-0.6155377455761505,440827480000.0
2023-07-14,4514.60986328125,4527.759765625,4499.56005859375,4505.419921875,4505.419921875,3647450000.0,0.023915178636990397,5.890512861680457,1.745285985503465,0.03553871761355767,1.178177191859787,1.0658514961582735,444474930000.0
2023-07-21,4550.16015625,4555.0,4535.7900390625,4536.33984375,4536.33984375,3570190000.0,0.006839385961437714,5.897352247641894,1.7491529619455717,-0.017075792675552683,-0.5659878910625515,0.2579705137615205,448045120000.0
2023-07-28,4565.75,4590.16015625,4564.009765625,4582.22998046875,4582.22998046875,3981010000.0,0.010065289849274324,5.907417537491169,1.7548438586064086,0.0032259038878366102,0.10701106065964602,0.41059279323872167,452026130000.0
2023-08-04,4513.9599609375,4540.33984375,4474.5498046875,4478.02978515625,4478.02978515625,4143310000.0,-0.023002605333679572,5.8844149321574895,1.7418382271895028,-0.033067895182953895,-1.0961242858071962,-1.1538981884563921,447882820000.0
2023-08-11,4450.68994140625,4476.22998046875,4443.97998046875,4464.0498046875,4464.0498046875,3753290000.0,-0.0031267876153962108,5.8812881445420935,1.7400703471317926,0.01987581771828336,0.658953826584076,-0.21354388401612492,444129530000.0
2023-08-18,4344.8798828125,4381.81982421875,4335.31005859375,4369.7099609375,4369.7099609375,3940400000.0,-0.021359745570788333,5.859928398971305,1.7279935856509605,-0.01823295795539212,-0.6043477895995856,-1.0761720656108702,440189130000.0
2023-08-25,4389.3798828125,4418.4599609375,4356.2900390625,4405.7099609375,4405.7099609375,3296180000.0,0.008204781600332695,5.868133180571638,1.7326325543156926,0.029564527171121027,0.98013345238241,0.32256939892425673,443485310000.0
2023-09-01,4530.60009765625,4541.25,4501.35009765625,4515.77001953125,4515.77001953125,3246260000.0,0.024674301278624727,5.892807481850262,1.7465833595938074,0.016469519678292032,0.5460354306751567,1.101766710001388,446731570000.0
2023-09-08,4451.2998046875,4473.52978515625,4448.3798828125,4457.490234375,4457.490234375,3259290000.0,-0.012989839366289344,5.879817642483973,1.7392389279299982,-0.03766414064491407,-1.2484893045680074,-0.6801794358373617,443472280000.0
2023-09-15,4497.97998046875,4497.97998046875,4447.2099609375,4450.31982421875,4450.31982421875,6932230000.0,-0.0016099157161616029,5.878207726767811,1.7383286844983108,0.011379923650127742,0.377315896278166,-0.14177843315783734,436540050000.0
2023-09-22,4341.740234375,4357.39990234375,4316.490234375,4320.06005859375,4320.06005859375,3349570000.0,-0.029706659594897638,5.848501067172913,1.7215325929376275,-0.028096743878736036,-0.9313311806524159,-1.471076901357267,433190480000.0
2023-09-29,4328.18017578125,4333.14990234375,4274.85986328125,4288.0498046875,4288.0498046875,3865960000.0,-0.0074372660114521375,5.841063801161461,1.7173275761975104,0.0222693935834455,0.7383005965986872,-0.41747898602701483,429324520000.0
2023-10-06,4234.7900390625,4324.10009765625,4219.5498046875,4308.5,4308.5,3902030000.0,0.004757777097498887,5.84582157825896,1.720017614756024,0.012195043108951024,0.4043370144198732,0.15948652265682894,433226550000.0
2023-10-13,4360.490234375,4377.10009765625,4311.97021484375,4327.77978515625,4327.77978515625,3566560000.0,0.00446484311859304,5.850286421377553,1.7225420289731261,-0.00029293397890584657,-0.009638017815334863,0.145627383280262,436793110000.0
2023-10-20,4273.85009765625,4276.56005859375,4223.02978515625,4224.16015625,4224.16015625,4004030000.0,-0.024234197352219624,5.826052224025333,1.7088400576583354,-0.028699040470812665,-0.9512972447607917,-1.2121666266340614,432789080000.0
2023-10-27,4152.93017578125,4156.7001953125,4103.77978515625,4117.3701171875,4117.3701171875,4019500000.0,-0.025605822987249904,5.800446401038084,1.694362571692382,-0.0013716256350302797,-0.04539652457542352,-1.2770602621193003,428769580000.0
2023-11-03,4334.22998046875,4373.6201171875,4334.22998046875,4358.33984375,4358.33984375,4570960000.0,0.056876576590804084,5.857322977628888,1.7265204851402283,0.08248239957805399,2.734354955301441,2.625303936584173,433340540000.0
2023-11-10,4364.14990234375,4418.02978515625,4353.33984375,4415.240234375,4415.240234375,3665080000.0,0.012971030729936056,5.870294008358824,1.73385428243509,-0.04390554586086803,-1.4553911836545708,0.5480676877787741,437005620000.0
2023-11-17,4509.5498046875,4520.1201171875,4499.66015625,4514.02001953125,4514.02001953125,3777240000.0,0.022125867574946036,5.89241987593377,1.7463642079102575,0.00915483684500998,0.3035545196040803,0.9811965459557356,440782860000.0
2023-11-24,4555.83984375,4560.31005859375,4552.7998046875,4559.33984375,4559.33984375,1639500000.0,0.009989728565995868,5.902409604499766,1.7520123823583083,-0.012136139008950168,-0.40223892904283703,0.4070178772786822,442422360000.0
2023-12-01,4559.43017578125,4599.39013671875,4554.7099609375,4594.6298828125,4594.6298828125,4397120000.0,0.007710362814891229,5.910119967314658,1.7563718075367367,-0.0022793657511046388,-0.07548800706048342,0.29917771563978324,446819480000.0
2023-12-08,4576.2001953125,4609.22998046875,4574.06005859375,4604.3701171875,4604.3701171875,3707010000.0,0.002117673228620326,5.912237640543278,1.7575691361468382,-0.005592689586270903,-0.18532431856384082,0.03457930764521037,450526490000.0
2023-12-15,4714.22998046875,4725.52978515625,4704.68994140625,4719.18994140625,4719.18994140625,8218980000.0,0.024631284303199805,5.936868924846478,1.771495619704916,0.02251361107457948,0.7463963788901922,1.0997315133328445,458745470000.0
2023-12-22,4753.919921875,4772.93994140625,4736.77001953125,4754.6298828125,4754.6298828125,3046770000.0,0.007481693208946872,5.944350618055425,1.7757257555020756,-0.017149591094252934,-0.5684343003204649,0.2883590187040273,461792240000.0
2023-12-29,4782.8798828125,4788.43017578125,4751.990234375,4769.830078125,4769.830078125,3126060000.0,0.0031918257369949457,5.947542443792419,1.777530407996007,-0.0042898674719519265,-0.1421359123890423,0.08539904996686731,464918300000.0
2024-01-05,4690.56982421875,4721.490234375,4682.10986328125,4697.240234375,4697.240234375,3844370000.0,-0.015335529150804229,5.932206914641615,1.7688597275741438,-0.018527354887799174,-0.6141070147107257,-0.7911574854962234,461073930000.0
2024-01-12,4791.18017578125,4802.39990234375,4768.97998046875,4783.830078125,4783.830078125,3486340000.0,0.018266345150604168,5.9504732597922185,1.7791874860570018,0.033601874301408395,1.1139710544733559,0.7985968372919217,464560270000.0
2024-01-19,4796.27978515625,4842.06982421875,4785.8701171875,4839.81005859375,4839.81005859375,4287200000.0,0.011633978635327022,5.962107238427546,1.7857653165178708,-0.006632366515277146,-0.21978949151952126,0.4848097775761709,468847470000.0
2024-01-26,4888.91015625,4906.68994140625,4881.47021484375,4890.97021484375,4890.97021484375,3353400000.0,0.010515215883764459,5.97262245431131,1.7917106005441632,-0.0011187627515625628,-0.037014148502967074,0.4318794587339152,472200870000.0
2024-02-02,4916.06005859375,4975.2900390625,4907.990234375,4958.60986328125,4958.60986328125,3974350000.0,0.013734740204217057,5.986357194515527,1.7994761977933351,0.003219524320452598,0.1067995787202684,0.5841999114518326,476175220000.0
2024-02-09,5004.169921875,5030.06005859375,5000.33984375,5026.60986328125,5026.60986328125,3912990000.0,0.013620341485358966,5.999977536000886,1.8071771142139463,-0.00011439871885809104,-0.0037195940775736013,0.5787875390289511,480088210000.0
2024-02-16,5031.1298828125,5038.7001953125,4999.52001953125,5005.56982421875,5005.56982421875,3833270000.0,-0.004194516160202062,5.995783019840684,1.8048055423697793,-0.017814857645561028,-0.5904878114764529,-0.2640596991293983,476254940000.0
2024-02-23,5100.919921875,5111.06005859375,5081.4599609375,5088.7998046875,5088.7998046875,3672790000.0,0.016490750722192034,6.012273770562876,1.8141293829769511,0.020685266882394096,0.6857869750954825,0.7145908412940014,479927730000.0
2024-03-01,5098.509765625,5140.330078125,5094.16015625,5137.080078125,5137.080078125,4748110000.0,0.009442831862128078,6.021716602425005,1.8194683430186143,-0.007047918860063956,-0.23356500488876134,0.38114338613293186,484675840000.0
2024-03-08,5164.4599609375,5189.259765625,5117.5,5123.68994140625,5123.68994140625,4208870000.0,-0.002609968704946034,6.0191066337200585,1.8179926714373396,-0.012052800567074112,-0.39947626909244205,-0.18909241771942525,480466970000.0
2024-03-15,5123.31005859375,5136.85986328125,5104.35009765625,5117.08984375,5117.08984375,7753670000.0,-0.0012889835947148109,6.017817650125344,1.8172638824461744,0.0013209851102312232,0.04386321799332213,-0.1265946602880536,472713300000.0
2024-03-22,5242.47998046875,5246.08984375,5229.8701171875,5234.18017578125,5234.18017578125,3374700000.0,0.022624340059386062,6.04044199018473,1.8300556433617219,0.02391332365410087,0.7927966930604382,1.0047800157295113,476088000000.0
2024-03-29,5248.02978515625,5264.85009765625,5245.81982421875,5254.35009765625,5254.35009765625,3998270000.0,0.0038460959186298626,6.04428808610336,1.832230219032006,-0.018778244140756198,-0.6224239651543124,0.11635353899910257,480086270000.0
2024-04-05,5158.9501953125,5222.18017578125,5157.2099609375,5204.33984375,5204.33984375,3386780000.0,-0.009563460690854847,6.034724625412505,1.8268230556689402,-0.013409556609484709,-0.4444525789015298,-0.5180723979405858,476699490000.0
2024-04-12,5171.509765625,5175.02978515625,5107.93994140625,5123.41015625,5123.41015625,3963220000.0,-0.015672599367525693,6.019052026044979,1.817961796356699,-0.006109138676670846,-0.20244454767236902,-0.8071047754988416,472736270000.0
2024-04-19,5005.43994140625,5019.02001953125,4953.56005859375,4967.22998046875,4967.22998046875,3878750000.0,-0.030957926745509522,5.988094099299469,1.8004582406140734,-0.01528532737798383,-0.5066341683529041,-1.5302761991049132,468857520000.0
2024-04-26,5084.64990234375,5114.6201171875,5073.14013671875,5099.9599609375,5099.9599609375,3604140000.0,0.026370352164700215,6.014464451464169,1.815367989993025,0.05732827891020974,1.9004986917081352,1.182009383479104,472461660000.0
2024-05-03,5122.77978515625,5139.1201171875,5101.22021484375,5127.7900390625,5127.7900390625,3924990000.0,0.005442085856672454,6.019906537320842,1.8184449354852563,-0.02092826630802776,-0.6936969575485837,0.1918621811769363,476386650000.0
2024-05-10,5225.490234375,5239.66015625,5209.68017578125,5222.68017578125,5222.68017578125,3617900000.0,0.018335939004153454,6.038242476324995,1.828812042206934,0.012893853147481,0.42750248839468014,0.801889425334096,480004550000.0
2024-05-17,5303.10009765625,5305.4501953125,5283.58984375,5303.27001953125,5303.27001953125,3578120000.0,0.015312901354694118,6.053555377679689,1.8374699289138365,-0.0030230376494593363,-0.10014064662955857,0.6588650473464117,483582670000.0
2024-05-24,5281.4501953125,5311.64990234375,5278.39013671875,5304.72021484375,5304.72021484375,3005510000.0,0.00027341565923297154,6.053828793338922,1.8376245176326367,-0.015039485695461147,-0.49848454430001826,-0.052675243007799334,486588180000.0
2024-05-31,5243.2099609375,5280.330078125,5191.68017578125,5277.509765625,5277.509765625,5437160000.0,-0.005142679612681999,6.04868611372624,1.8347168558887799,-0.005416095271914971,-0.17947023695688957,-0.3089187130572771,481151020000.0
2024-06-07,5343.81005859375,5375.080078125,5331.330078125,5346.990234375,5346.990234375,3692760000.0,0.013079478425359217,6.061765592151599,1.8421119693143244,0.018222158038041215,0.6041351946616988,0.5531985084898128,484843780000.0
2024-06-14,5424.080078125,5432.39013671875,5403.75,5431.60009765625,5431.60009765625,3438650000.0,0.01569993823145707,6.077465530383056,1.8509886859707438,0.002620459806097852,0.08694065762390248,0.6771763338655251,488282430000.0
2024-06-21,5466.77001953125,5478.31005859375,5452.02978515625,5464.6201171875,5464.6201171875,6773800000.0,0.006060839439600904,6.083526369822657,1.8544154736187104,-0.009639098791856166,-0.3194623274290122,0.22113632744561412,495056230000.0
2024-06-28,5488.47998046875,5523.64013671875,5451.1201171875,5460.47998046875,5460.47998046875,7199220000.0,-0.0007579128575350715,6.0827684569651215,1.8539869510610152,-0.006818752297135975,-0.22596815917004262,-0.10146891901050856,487857010000.0
2024-07-05,5537.91015625,5570.330078125,5531.6298828125,5567.18994140625,5567.18994140625,3253080000.0,0.01935373338311768,6.102122190348239,1.8649295168821727,0.02011164624065275,0.6667715155070307,0.8500427812794826,491110090000.0
2024-07-12,5590.759765625,5655.56005859375,5590.43994140625,5615.35009765625,5615.35009765625,3700280000.0,0.008613508888274167,6.110735699236513,1.8697995792156388,-0.010740224494843515,-0.35596452031279435,0.34190689084562836,494810370000.0
2024-07-19,5543.3701171875,5557.5,5497.0400390625,5505.0,5505.0,3760570000.0,-0.019847166500595655,6.090888532735917,1.8585780272030596,-0.028460675388869823,-0.9433954691740164,-1.0046097148375714,491049800000.0
2024-07-26,5433.669921875,5488.31982421875,5430.7001953125,5459.10009765625,5459.10009765625,3638770000.0,-0.008372811280765004,6.082515721455152,1.8538440548611743,0.01147435521983065,0.3804462921650863,-0.4617410150648352,487411030000.0
2024-08-02,5376.6298828125,5383.89013671875,5302.02978515625,5346.56005859375,5346.56005859375,5156450000.0,-0.020830584488164793,6.061685136966988,1.842066480098583,-0.012457773207399788,-0.4129010664518333,-1.0511366729120537,482254580000.0
2024-08-09,5314.66015625,5358.669921875,5300.83984375,5344.16015625,5344.16015625,3516400000.0,-0.00044896926228238664,6.061236167704705,1.8418126336904017,0.020381615225882405,0.6757209569238977,-0.08685234102902134,478738180000.0
2024-08-16,5530.5,5561.97998046875,5525.169921875,5554.25,5554.25,3357690000.0,0.038558995331668955,6.099795163036374,1.8636138198523724,0.03900796459395134,1.2931823380445036,1.7586721014513147,482095870000.0
2024-08-23,5602.490234375,5641.81982421875,5585.16015625,5634.60986328125,5634.60986328125,3291940000.0,0.01436451006458205,6.114159673100956,1.8717354878406007,-0.024194485267086903,-0.8019717477208488,0.6139952540835075,485387810000.0
2024-08-30,5612.740234375,5651.3701171875,5581.7900390625,5648.39990234375,5648.39990234375,4185850000.0,0.002444391384089619,6.1166040644850455,1.873117542304387,-0.011920118680492432,-0.3950778795143502,0.05003682633394933,489573660000.0
2024-09-06,5507.330078125,5522.47021484375,5402.6201171875,5408.419921875,5408.419921875,3822800000.0,-0.043415317921877306,6.073188746563168,1.8485706001407092,-0.045859709305966924,-1.5201714814951486,-2.1196537824995243,485750860000.0
2024-09-13,5603.33984375,5636.27001953125,5601.64990234375,5626.02001953125,5626.02001953125,3500790000.0,0.03944528445461394,6.112634031017782,1.8708728925684541,0.08286060237649125,2.746892335420976,1.8006037494243818,489251650000.0
2024-09-20,5709.64013671875,5715.14013671875,5674.490234375,5702.5498046875,5702.5498046875,7867260000.0,0.01351114051560299,6.126145171533385,1.8785120669584385,-0.025934143939010952,-0.8596412365196635,0.573621079796201,497118910000.0
2024-09-27,5755.35986328125,5763.77978515625,5727.33984375,5738.169921875,5738.169921875,3898530000.0,0.006226921580973474,6.132372093114358,1.8820327571484987,-0.007284218934629516,-0.24139832571384365,0.22899391895424878,501017440000.0
